name	kind	return_type	explicit_argument_count	parameters
agedFilm	colorEffect	half4	5	float2,half4,float2,float,float,float,float
barrelDistortion	distortionEffect	float2	3	float2,float4,float,float
blackHole	colorEffect	half4	6	float2,half4,float4,float,float,float,float,float
blobDisplacement	distortionEffect	float2	5	float2,float4,float,float,float,float
blockDisplacement	distortionEffect	float2	5	float2,float4,float,float,float,float
boxBlurSimulation	colorEffect	half4	2	float2,half4,float4,float
breathFrost	colorEffect	half4	4	float2,half4,float2,float2,float,float
breathingDisplacement	distortionEffect	float2	6	float2,float4,float,float,float,float,float
bulge	layerEffect	half4	4	float2,layer,float2,float2,float,float
bumpMap	colorEffect	half4	3	float2,half4,float2,float,float
burnDissolve	colorEffect	half4	4	float2,half4,float4,float,float,float
caustics	colorEffect	half4	4	float2,half4,float4,float,float,float
chromaticAberration	colorEffect	half4	4	float2,half4,float4,float,float,float
chromaticSplit	distortionEffect	float2	5	float2,float4,float,float,float,float
circularBlurVignette	colorEffect	half4	5	float2,half4,float4,float,float,float,float
cloudsVolumetric	colorEffect	half4	7	float2,half4,float4,float,float,float,float,float,float
colorBalance	colorEffect	half4	4	float2,half4,float4,float,float,float
colorGrading	colorEffect	half4	7	float2,half4,float4,float,float,float,float,float,float
colorMap	colorEffect	half4	5	float2,half4,float4,float,float,float,float
concentricRipple	distortionEffect	float2	7	float2,float4,float,float,float,float,float,float
crossProcess	colorEffect	half4	1	float2,half4,float
crtEffect	colorEffect	half4	6	float2,half4,float2,float,float,float,float,float
crtLayerEffect	layerEffect	half4	4	float2,layer,float2,float,float,float
crtSimple	colorEffect	half4	2	float2,half4,float2,float
curves	colorEffect	half4	4	float2,half4,float4,float,float,float
dampedRipple	distortionEffect	float2	7	float2,float4,float,float,float,float,float,float
dataStreamHologram	colorEffect	half4	4	float2,half4,float4,float,float,float
deboss	layerEffect	half4	2	float2,layer,float2,float
depthOfFieldBlur	colorEffect	half4	4	float2,half4,float4,float,float,float
diamondPixelate	distortionEffect	float2	2	float2,float4,float
digitalCorruption	colorEffect	half4	5	float2,half4,float4,float,float,float,float
directionalChromatic	colorEffect	half4	3	float2,half4,float4,float,float
directionalDissolve	colorEffect	half4	4	float2,half4,float4,float,float,float
displacementMap	distortionEffect	float2	4	float2,float4,float,float,float
dissolve	colorEffect	half4	4	float2,half4,float4,float,float,float
dotMatrix	colorEffect	half4	3	float2,half4,float4,float,float
earthquakeDisplacement	distortionEffect	float2	5	float2,float4,float,float,float,float
electricArc	colorEffect	half4	7	float2,half4,float4,float,float,float,float,float,float
electricField	colorEffect	half4	4	float2,half4,float4,float,float,float
electricNeon	colorEffect	half4	4	float2,half4,float4,float,float,float
embers	colorEffect	half4	5	float2,half4,float4,float,float,float,float
emboss	layerEffect	half4	3	float2,layer,float2,float,float
embossColor	layerEffect	half4	4	float2,layer,float2,float,float,float
embossMetallic	layerEffect	half4	4	float2,layer,float2,float,float,float3
fadedMemory	colorEffect	half4	3	float2,half4,float2,float,float3
fbmDisplacement	distortionEffect	float2	5	float2,float4,float,float,float,float
fbmNoise	colorEffect	half4	6	float2,half4,float4,float,float,float,float,float
filmEmulation	colorEffect	half4	3	float2,half4,float4,float,float
filmGrain	colorEffect	half4	4	float2,half4,float4,float,float,float
fire	colorEffect	half4	5	float2,half4,float4,float,float,float,float
fireball	colorEffect	half4	6	float2,half4,float4,float,float,float,float,float
flagWave	distortionEffect	float2	5	float2,float4,float,float,float,float
fractalTerrain	colorEffect	half4	7	float2,half4,float4,float,float,float,float,float,float
frostBlur	colorEffect	half4	4	float2,half4,float4,float,float,float
frostedGlass	layerEffect	half4	4	float2,layer,float2,float,float,float
frozenSurface	colorEffect	half4	3	float2,half4,float2,float,float
glitch	distortionEffect	float2	4	float2,float4,float,float,float
glitchColor	colorEffect	half4	3	float2,half4,float4,float,float
glitchyHologram	colorEffect	half4	4	float2,half4,float4,float,float,float
gravityDrip	distortionEffect	float2	5	float2,float4,float,float,float,float
heatDistortion	distortionEffect	float2	5	float2,float4,float,float,float,float
hexPixelate	distortionEffect	float2	2	float2,float4,float
hologram	colorEffect	half4	5	float2,half4,float4,float,float,float,float
iceCrystals	colorEffect	half4	4	float2,half4,float2,float,float,float
infiniteGrid	colorEffect	half4	7	float2,half4,float4,float,float,float,float,float,float
invert	colorEffect	half4	1	float2,half4,float
invertAnimated	colorEffect	half4	4	float2,half4,float2,float,float,float
invertChannels	colorEffect	half4	3	float2,half4,float,float,float
invertHue	colorEffect	half4	1	float2,half4,float
invertLuminance	colorEffect	half4	1	float2,half4,float
invertRegion	colorEffect	half4	4	float2,half4,float2,float2,float,float
invertSmart	colorEffect	half4	1	float2,half4,float
jellyWave	distortionEffect	float2	5	float2,float4,float,float,float,float
kaleidoscope	layerEffect	half4	4	float2,layer,float2,float2,float,float
kaleidoscopeAnimated	layerEffect	half4	6	float2,layer,float2,float2,float,float,float,float
kaleidoscopeDistort	distortionEffect	float2	3	float2,float4,float,float
kaleidoscopeHex	layerEffect	half4	4	float2,layer,float2,float2,float,float
kaleidoscopeRadial	layerEffect	half4	5	float2,layer,float2,float2,float,float,float
kaleidoscopeSquare	layerEffect	half4	4	float2,layer,float2,float2,float,float
kaleidoscopeTint	colorEffect	half4	3	float2,half4,float2,float,float
kaleidoscopeTriangle	layerEffect	half4	4	float2,layer,float2,float2,float,float
lava	colorEffect	half4	5	float2,half4,float4,float,float,float,float
ledMatrix	colorEffect	half4	4	float2,half4,float4,float,float,float
lensBokeh	colorEffect	half4	3	float2,half4,float4,float,float
lensChromatic	colorEffect	half4	4	float2,half4,float4,float,float,float
lensDistortion	distortionEffect	float2	6	float2,float4,float,float,float,float,float
lensWarp	distortionEffect	float2	5	float2,float4,float,float,float,float
levels	colorEffect	half4	6	float2,half4,float4,float,float,float,float,float
lightning	colorEffect	half4	5	float2,half4,float4,float,float,float,float
liquidWave	distortionEffect	float2	5	float2,float4,float,float,float,float
magneticDisplacement	distortionEffect	float2	5	float2,float4,float,float,float,float
magnify	distortionEffect	float2	5	float2,float4,float,float,float,float
metaballs	colorEffect	half4	7	float2,half4,float4,float,float,float,float,float,float
mosaicBrick	layerEffect	half4	5	float2,layer,float2,float,float,float,float3
mosaicCircular	layerEffect	half4	4	float2,layer,float2,float2,float,float
mosaicDiamond	layerEffect	half4	4	float2,layer,float2,float,float,float3
mosaicHexagon	layerEffect	half4	4	float2,layer,float2,float,float,float3
mosaicSimple	colorEffect	half4	2	float2,half4,float2,float
mosaicSquare	layerEffect	half4	4	float2,layer,float2,float,float,float3
mosaicVoronoi	layerEffect	half4	5	float2,layer,float2,float,float,float3,float
motionBlur	colorEffect	half4	3	float2,half4,float4,float,float
multiRipple	distortionEffect	float2	6	float2,float4,float,float,float,float,float
multiWave	distortionEffect	float2	7	float2,float4,float,float,float,float,float,float
negativeFilm	colorEffect	half4	2	float2,half4,float2,float
neonColorShift	colorEffect	half4	3	float2,half4,float2,float,float
neonElectric	colorEffect	half4	5	float2,half4,float2,float,float3,float3,float
neonGlow	colorEffect	half4	3	float2,half4,float3,float,float
neonMultiGlow	layerEffect	half4	6	float2,layer,float2,float3,float3,float,float,float
neonOutline	layerEffect	half4	4	float2,layer,float2,float3,float,float
neonTint	colorEffect	half4	2	float2,half4,float3,float
noise	colorEffect	half4	4	float2,half4,float4,float,float,float
noiseDisplacement	distortionEffect	float2	5	float2,float4,float,float,float,float
noiseVoronoi	colorEffect	half4	4	float2,half4,float4,float,float,float
oceanWaves	colorEffect	half4	5	float2,half4,float4,float,float,float,float
particlesConfetti	colorEffect	half4	4	float2,half4,float2,float,float,float
particlesDust	colorEffect	half4	5	float2,half4,float2,float,float,float,float3
particlesFalling	colorEffect	half4	6	float2,half4,float2,float,float,float,float,float3
particlesFireflies	colorEffect	half4	5	float2,half4,float2,float,float,float3,float
particlesRising	colorEffect	half4	6	float2,half4,float2,float,float,float,float,float3
particlesSparkle	colorEffect	half4	5	float2,half4,float2,float,float,float3,float
particlesStarField	colorEffect	half4	4	float2,half4,float2,float,float,float
perlinDistort	distortionEffect	float2	4	float2,float4,float,float,float
pinch	distortionEffect	float2	6	float2,float4,float,float,float,float,float
pinchDistortion	distortionEffect	float2	5	float2,float4,float,float,float,float
pincushionDistortion	distortionEffect	float2	3	float2,float4,float,float
pixelDissolve	colorEffect	half4	3	float2,half4,float4,float,float
pixelGlitch	colorEffect	half4	4	float2,half4,float4,float,float,float
pixelate	distortionEffect	float2	2	float2,float4,float
pixelateTransition	distortionEffect	float2	3	float2,float4,float,float
plasma	colorEffect	half4	4	float2,half4,float4,float,float,float
polaroid	colorEffect	half4	3	float2,half4,float2,float,float
poolWater	colorEffect	half4	4	float2,half4,float4,float,float,float
posterize	colorEffect	half4	1	float2,half4,float
posterizeAnimated	colorEffect	half4	4	float2,half4,float,float,float,float
posterizeChannels	colorEffect	half4	3	float2,half4,float,float,float
posterizeDuotone	colorEffect	half4	3	float2,half4,float3,float3,float
posterizeLightness	colorEffect	half4	2	float2,half4,float,float
posterizePalette	colorEffect	half4	5	float2,half4,float3,float3,float3,float3,float
posterizePopArt	colorEffect	half4	4	float2,half4,float2,float,float,float
posterizeSmooth	colorEffect	half4	3	float2,half4,float2,float,float
posterizeTritone	colorEffect	half4	4	float2,half4,float3,float3,float3,float
projectionHologram	colorEffect	half4	4	float2,half4,float4,float,float,float
pulsingChromatic	colorEffect	half4	5	float2,half4,float4,float,float,float,float
radialBlur	colorEffect	half4	4	float2,half4,float4,float,float,float
radialDisplacement	distortionEffect	float2	6	float2,float4,float,float,float,float,float
radialDissolve	colorEffect	half4	5	float2,half4,float4,float,float,float,float
radialWave	distortionEffect	float2	6	float2,float4,float,float,float,float,float
rainDrops	colorEffect	half4	5	float2,half4,float4,float,float,float,float
raymarching	colorEffect	half4	6	float2,half4,float4,float,float,float,float,float
retroHologram	colorEffect	half4	4	float2,half4,float4,float,float,float
rgbSplit	colorEffect	half4	3	float2,half4,float4,float,float
ripple	distortionEffect	float2	7	float2,float4,float,float,float,float,float,float
scanlineGlitch	distortionEffect	float2	4	float2,float4,float,float,float
scanlineJitter	distortionEffect	float2	5	float2,float4,float,float,float,float
scanlines	colorEffect	half4	4	float2,half4,float2,float,float,float
scanlinesDiagonal	colorEffect	half4	4	float2,half4,float2,float,float,float
scanlinesDouble	colorEffect	half4	4	float2,half4,float2,float,float,float
scanlinesGradient	colorEffect	half4	4	float2,half4,float2,float,float,float
scanlinesInterlaced	colorEffect	half4	4	float2,half4,float2,float,float,float
scanlinesLCD	colorEffect	half4	4	float2,half4,float2,float,float,float
scanlinesRolling	colorEffect	half4	5	float2,half4,float2,float,float,float,float
scanlinesVHS	colorEffect	half4	4	float2,half4,float2,float,float,float
scatterDissolve	colorEffect	half4	4	float2,half4,float4,float,float,float
sdfShapes	colorEffect	half4	6	float2,half4,float4,float,float,float,float,float
sepia	colorEffect	half4	1	float2,half4,float
shakeWave	distortionEffect	float2	4	float2,float4,float,float,float
sharpen	layerEffect	half4	2	float2,layer,float2,float
sharpenClarity	layerEffect	half4	3	float2,layer,float2,float,float
sharpenEdges	layerEffect	half4	2	float2,layer,float2,float
sharpenHighPass	layerEffect	half4	3	float2,layer,float2,float,float
sharpenSimple	colorEffect	half4	1	float2,half4,float
shockwaveDisplacement	distortionEffect	float2	6	float2,float4,float,float,float,float,float
signalInterference	colorEffect	half4	4	float2,half4,float4,float,float,float
simplexColor	colorEffect	half4	4	float2,half4,float4,float,float,float
sineDisplacement	distortionEffect	float2	6	float2,float4,float,float,float,float,float
sketchCharcoal	layerEffect	half4	4	float2,layer,float2,float,float3,float3
sketchCrossHatch	layerEffect	half4	5	float2,layer,float2,float,float,float3,float3
sketchInk	layerEffect	half4	5	float2,layer,float2,float,float,float3,float3
sketchOutline	colorEffect	half4	2	float2,half4,float2,float
sketchPencil	layerEffect	half4	4	float2,layer,float2,float,float3,float3
sketchWatercolor	layerEffect	half4	3	float2,layer,float2,float,float
softGlow	colorEffect	half4	3	float2,half4,float4,float,float
solarize	colorEffect	half4	1	float2,half4,float
spectralDispersion	colorEffect	half4	3	float2,half4,float4,float,float
sphereBulge	distortionEffect	float2	5	float2,float4,float,float,float,float
spherize	distortionEffect	float2	6	float2,float4,float,float,float,float,float
spiralDisplacement	distortionEffect	float2	6	float2,float4,float,float,float,float,float
spiralWave	distortionEffect	float2	5	float2,float4,float,float,float,float
spiralZoom	layerEffect	half4	5	float2,layer,float2,float2,float,float,float
splitToning	colorEffect	half4	6	float2,half4,float4,float,float,float,float,float
staticElectricity	colorEffect	half4	4	float2,half4,float4,float,float,float
swirl	layerEffect	half4	4	float2,layer,float2,float2,float,float
swirlAnimated	layerEffect	half4	5	float2,layer,float2,float2,float,float,float
swirlDistortion	distortionEffect	float2	5	float2,float4,float,float,float,float
swirlMulti	layerEffect	half4	6	float2,layer,float2,float2,float2,float,float,float
swirlPinch	layerEffect	half4	4	float2,layer,float2,float2,float,float
swirlTwirl	layerEffect	half4	4	float2,layer,float2,float2,float,float
tensionDisplacement	distortionEffect	float2	5	float2,float4,float,float,float,float
threshold	colorEffect	half4	3	float2,half4,float,float3,float3
thresholdAdaptive	colorEffect	half4	3	float2,half4,float2,float,float
thresholdAnimated	colorEffect	half4	5	float2,half4,float,float,float,float3,float3
thresholdColor	colorEffect	half4	3	float2,half4,float,float,float
thresholdDithered	colorEffect	half4	3	float2,half4,float,float3,float3
thresholdEdge	colorEffect	half4	3	float2,half4,float,float3,float3
thresholdHalftone	colorEffect	half4	3	float2,half4,float2,float,float
thresholdMultiLevel	colorEffect	half4	2	float2,half4,float,float3
thresholdNoise	colorEffect	half4	5	float2,half4,float2,float,float,float3,float3
thresholdSmooth	colorEffect	half4	4	float2,half4,float,float,float3,float3
thresholdTriple	colorEffect	half4	5	float2,half4,float,float,float3,float3,float3
tiltShiftBlur	colorEffect	half4	4	float2,half4,float4,float,float,float
torchFlame	colorEffect	half4	5	float2,half4,float4,float,float,float,float
touchRipple	distortionEffect	float2	7	float2,float4,float,float,float,float,float,float
trianglePixelate	distortionEffect	float2	2	float2,float4,float
tunnel	colorEffect	half4	7	float2,half4,float4,float,float,float,float,float,float
tunnelDistortion	distortionEffect	float2	4	float2,float4,float,float,float
turbulence	distortionEffect	float2	5	float2,float4,float,float,float,float
twirl	distortionEffect	float2	6	float2,float4,float,float,float,float,float
underwater	colorEffect	half4	4	float2,half4,float4,float,float,float
underwaterDisplacement	distortionEffect	float2	5	float2,float4,float,float,float,float
unsharpMask	layerEffect	half4	4	float2,layer,float2,float,float,float
vhsGlitch	colorEffect	half4	4	float2,half4,float4,float,float,float
vibrance	colorEffect	half4	2	float2,half4,float4,float
vignette	colorEffect	half4	4	float2,half4,float2,float,float,float
vignetteAnimated	colorEffect	half4	6	float2,half4,float2,float,float,float,float,float
vignetteBox	colorEffect	half4	4	float2,half4,float2,float,float,float
vignetteColored	colorEffect	half4	5	float2,half4,float2,float3,float,float,float
vignetteFilmBorder	colorEffect	half4	4	float2,half4,float2,float,float,float
vignetteFocus	colorEffect	half4	5	float2,half4,float2,float2,float,float,float
vignetteGradient	colorEffect	half4	5	float2,half4,float2,float3,float3,float,float
vignetteOval	colorEffect	half4	5	float2,half4,float2,float,float,float,float
vintagePhoto	colorEffect	half4	4	float2,half4,float2,float,float,float
voronoiCaustics	colorEffect	half4	5	float2,half4,float4,float,float,float,float
voronoiCells	colorEffect	half4	5	float2,half4,float4,float,float,float,float
voronoiCellular	colorEffect	half4	5	float2,half4,float4,float,float,float,float3
voronoiCrystal	colorEffect	half4	5	float2,half4,float4,float,float,float,float
voronoiDistort	distortionEffect	float2	4	float2,float4,float,float,float
voronoiEdgeGlow	colorEffect	half4	6	float2,half4,float4,float,float,float,float,float3
voronoiFrost	colorEffect	half4	5	float2,half4,float4,float,float,float,float
voronoiHoneycomb	colorEffect	half4	5	float2,half4,float4,float,float,float,float3
voronoiLava	colorEffect	half4	6	float2,half4,float4,float,float,float,float3,float3
voronoiLiquid	distortionEffect	float2	5	float2,float4,float,float,float,float
voronoiNoise	colorEffect	half4	5	float2,half4,float4,float,float,float,float
voronoiPlasma	colorEffect	half4	5	float2,half4,float4,float,float,float,float3
voronoiShattered	colorEffect	half4	5	float2,half4,float4,float,float,float,float3
voronoiStainedGlass	colorEffect	half4	5	float2,half4,float4,float,float,float,float
vortex	layerEffect	half4	5	float2,layer,float2,float2,float,float,float
waterReflection	colorEffect	half4	4	float2,half4,float4,float,float,float
waterSurface	distortionEffect	float2	5	float2,float4,float,float,float,float
wave	distortionEffect	float2	5	float2,float4,float,float,float,float
waveDistortion	distortionEffect	float2	6	float2,float4,float,float,float,float,float
waveFlag	distortionEffect	float2	5	float2,float4,float,float,float,float
windDisplacement	distortionEffect	float2	5	float2,float4,float,float,float,float
windowFrost	layerEffect	half4	3	float2,layer,float2,float,float
wireframeHologram	colorEffect	half4	4	float2,half4,float4,float,float,float
xrayEffect	colorEffect	half4	2	float2,half4,float,float
zigzag	distortionEffect	float2	5	float2,float4,float,float,float,float
